item_id,title,brand,product_type,bullet_points,color,material,item_dimensions,defect,defect_type,quality_score
B07K4YXTZH,"Umi. by Amazon - Lámpara de pie, pantalla de tela, cilíndrica, 144,27 cm, beige",Umi,LAMP,"Elegante y minimalista, ideal para un estilo moderno.",Nickel,Textura,"{'height': {'normalized_value': {'unit': 'inches', 'value': 56.799999942064}, 'unit': 'centimeters', 'value': 144.272}, 'length': {'normalized_value': {'unit': 'inches', 'value': 13.699999986026}, 'unit': 'centimeters', 'value': 34.798}, 'width': {'normalized_value': {'unit': 'inches', 'value': 13.699999986026}, 'unit': 'centimeters', 'value': 34.798}}",0,none,100.0
B07CV95ZNX_DEFECT,Urban living Remache Impreso Sateen-PARENT2,,HOME_BED_AND_BATH,,,,,1,missing_attribute,54.2
B07TG4SJQ6_DEFECT,Amazon Brand - Solimo Designer Police Booth 3D Printed Hard Back Case Mobile Cover for LG V20,Amazon Brand - Solimo,CLOTHING,3D Printed Hard Back Case Mobile Cover for LG V20,Others,,,1,category_mismatch,47.9
B07TH383NR_DEFECT,Amazon Brand - Solimo Designer Blue and Yellow Texture 3D Printed Hard Back Case Mobile Cover for Vivo Y21L,Amazon Brand - Solimo,SOFA,3D Printed Hard Back Case Mobile Cover for Vivo Y21L,Others,,,1,category_mismatch,50.9
B085M2RM5P,"find. Elliot, Men’s Loafers",find.,SHOES,,,,,0,none,100.0
B07KZ7VNZX,"AmazonBasics yüksek kaliteli mikrofiber yatak örtüsü, Grey Cabana Stripe, 275 x 275 cm",AmazonBasics,FLAT_SHEET,,Grey Cabana Stripe,,"{'height': {'normalized_value': {'unit': 'inches', 'value': 1.38}, 'unit': 'inches', 'value': 1.38}, 'length': {'normalized_value': {'unit': 'inches', 'value': 11.42}, 'unit': 'inches', 'value': 11.42}, 'width': {'normalized_value': {'unit': 'inches', 'value': 9.45}, 'unit': 'inches', 'value': 9.45}}",0,none,100.0
B07VP77R4R_DEFECT,AmazonBasics - Rascador para Gatos (renovado) - AmazonBasics - Rascador para Gatos (renovado),AmazonBasics,PET_SUPPLIES, ,Burgundy,,"{'height': {'normalized_value': {'unit': 'inches', 'value': 25.2}, 'unit': 'inches', 'value': 25.2}, 'length': {'normalized_value': {'unit': 'inches', 'value': 11.81}, 'unit': 'inches', 'value': 11.81}, 'width': {'normalized_value': {'unit': 'inches', 'value': 11.81}, 'unit': 'inches', 'value': 11.81}}",1,duplicate,79.1
B07QLKSQPV,"Eono by Amazon – tvättnät tvättväska BH tvättpåse tvättpåse tvättpåse hållbar maskintvätt för känslig, blus, skor, BH, underkläder, babykläder, Wash Bag, 7 set",Eono,STORAGE_BAG,"Högvärde: Med hållbara sömmar, robusta material och blixtlås av hög kvalitet, denna sats tvättväska/tvättväska/tvättpåse/tvättpåse idealisk för känsliga blusar, strumpbyxor, underkläder, babykläder och skor.",Silkesnät 7 stycken 1xl + 2 l + 2 m + 2 b,,,0,none,100.0
B07GL6G724_DEFECT,365 by,365 by Whole Foods Market,DAIRY_BASED_CHEESE,"Brought to you by Whole Foods Market.  The packaging for this product has a fresh new look. During this transition, you may get the original packaging or the new packaging in your order, but the product and quality is staying exactly the same. Enjoy!",,,"{'height': {'normalized_value': {'unit': 'inches', 'value': 2.35}, 'unit': 'inches', 'value': 2.35}, 'length': {'normalized_value': {'unit': 'inches', 'value': 6.5}, 'unit': 'inches', 'value': 6.5}, 'width': {'normalized_value': {'unit': 'inches', 'value': 1.75}, 'unit': 'inches', 'value': 1.75}}",1,truncated_title,55.4
B07T1JH5KY_DEFECT,Amazon Brand,Amazon Brand - Solimo,CELLULAR_PHONE_CASE,3D Printed Hard Back Case Mobile Cover for Micromax Canvas Spark Q380,Others,Canvas,,1,truncated_title,57.4
B07TG3B5PF,Amazon Brand - Solimo Designer Enjoy Your Life 3D Printed Hard Back Case Mobile Cover for Vivo Y66,Amazon Brand - Solimo,CELLULAR_PHONE_CASE,3D Printed Hard Back Case Mobile Cover for Vivo Y66,Others,,,0,none,100.0
B083P9HWWQ_DEFECT,Amazon Brand - Solimo Protective Clear View flip Cover for Vivo Z1 Pro (Black),Amazon Brand - Solimo,BEAUTY,"Easy to put and take off, Compatible with Vivo Z1 Pro",Black,Metal::Plastic,,1,category_mismatch,56.3
B08413HX48_DEFECT,"Fresh Brand – Cinnamon Raisin Pre-Sliced Bagels, 21 oz (6 ct)",,BREAD,21-ounce bag of 6 cinnamon raisin bagels,,,"{'height': {'normalized_value': {'unit': 'inches', 'value': 9.75}, 'unit': 'inches', 'value': 9.75}, 'length': {'normalized_value': {'unit': 'inches', 'value': 15}, 'unit': 'inches', 'value': 15}, 'width': {'normalized_value': {'unit': 'inches', 'value': 4.5}, 'unit': 'inches', 'value': 4.5}}",1,missing_attribute,60.4
B08569DZ8K_DEFECT,Amazon Brand,Amazon Brand - Solimo,CELLULAR_PHONE_CASE,"Snug fit for Oppo Reno 2, with perfect cut-outs for volume buttons, audio and charging ports",Multicolor,Plastic,,1,truncated_title,65.9
B08FK1S35Y_DEFECT,"The Drop Nina Baskets Tendance À Lacets, Fashion-Sneakers Femme",The Drop,HARDWARE,Agrafes par la goutte.,,,,1,category_mismatch,57.8
B07HFXLYKX,"[Amazon Collection] Amazon Collection 铂金系列 纯银 透明公主切割 立方氧化锆 7颗宝石 带环、尺寸9, 银",Amazon Collection(アマゾンコレクション),RING,方晶锆石(CZ),,,,0,none,100.0
B00EQ5H9KE_DEFECT,"Pinzon by Amazon - Sábana bajera ajustable ultrasuave (percal de algodón de 300 hilos), color gris, talla 125 x 200 x 30 cm",Pinzon by Amazon,ELECTRONICS,Sábana bajera ajustable - Dimensiones: 125 x 200 x 30 cm,Gris,100% cotton,"{'height': {'normalized_value': {'unit': 'inches', 'value': 2.1259842498}, 'unit': 'centimeters', 'value': 5.4}, 'length': {'normalized_value': {'unit': 'inches', 'value': 78.7401574}, 'unit': 'centimeters', 'value': 200}, 'width': {'normalized_value': {'unit': 'inches', 'value': 49.212598375}, 'unit': 'centimeters', 'value': 125}}",1,category_mismatch,59.0
B08CR8V8VR_DEFECT,JSPA Sun,,HAT,,Blue Print*,,,1,truncated_title,46.6
B07YZKW8XX_DEFECT,Amazon Basic 立体声音频延长线,Amazonベーシック(AmazonBasics),SOFA,,,,,1,category_mismatch,47.0
B07N6V9Z41_DEFECT,AmazonBasics 亚马逊倍思 防滑浴室地毯 带纹理波浪,,HOME_BED_AND_BATH,,,,,1,missing_attribute,30.9
B084LLN7FB,"find. Marco-03w4-002 Stivaletti alla Caviglia, Nero, 7",find.,SHOES,,Nero,,,0,none,100.0
B07HGQ7MHB,UMI Cadre Photo 10 x 15 cm Cadre Décoration Mariage Lot de 12 Cadres Noir,UMI,HOME,Cadre photos mural en bois reconstitué avec un vitre en verre claire,10x15cm Lot de 12,Bois,"{'height': {'normalized_value': {'unit': 'inches', 'value': 0.9}, 'unit': 'inches', 'value': 0.9}, 'length': {'normalized_value': {'unit': 'inches', 'value': 7.3}, 'unit': 'inches', 'value': 7.3}, 'width': {'normalized_value': {'unit': 'inches', 'value': 5.3}, 'unit': 'inches', 'value': 5.3}}",0,none,100.0
B07V3TDP49_DEFECT,AmazonBasics Set,AmazonBasics,SCREWDRIVER,"Set da 32 pezzi di cacciaviti per riparazione di apparecchi elettronici, per stringere o allentare facilmente viti; design leggero e compatto; ideale per riparare computer portatili, tablet, smartphone, occhiali da sole, macchine fotografiche, orologi da polso e molto altro",,,"{'height': {'normalized_value': {'unit': 'inches', 'value': 1.25}, 'unit': 'inches', 'value': 1.25}, 'length': {'normalized_value': {'unit': 'inches', 'value': 8}, 'unit': 'inches', 'value': 8}, 'width': {'normalized_value': {'unit': 'inches', 'value': 4.5}, 'unit': 'inches', 'value': 4.5}}",1,truncated_title,67.0
B086VT5PKV,"AmazonBasics Kids Ear-Protection Safety Noise Earmuffs, Yellow",AmazonBasics,SAFETY_SUPPLY,Kids' safety earmuffs help protect ears from loud noises; ANSI S3.19-1974 certified,Yellow,,"{'height': {'normalized_value': {'unit': 'inches', 'value': 4.7}, 'unit': 'inches', 'value': 4.7}, 'length': {'normalized_value': {'unit': 'inches', 'value': 4.7}, 'unit': 'inches', 'value': 4.7}, 'width': {'normalized_value': {'unit': 'inches', 'value': 3.54}, 'unit': 'inches', 'value': 3.54}}",0,none,100.0
B07TB54PN6,Amazon Brand - Solimo Designer Feather Texture 3D Printed Hard Back Case Mobile Cover for Samsung Galaxy S7 Edge,Amazon Brand - Solimo,CELLULAR_PHONE_CASE,3D Printed Hard Back Case Mobile Cover for Samsung Galaxy S7 Edge,Others,,,0,none,100.0
B07TB53TQT,Amazon Brand - Solimo Designer Police Booth 3D Printed Hard Back Case Mobile Cover for Micromax Canvas Nitro 4G E455,Amazon Brand - Solimo,CELLULAR_PHONE_CASE,3D Printed Hard Back Case Mobile Cover for Micromax Canvas Nitro 4G E455,Others,,,0,none,100.0
B07DNH84WX_DEFECT,I Love You To The Moon And Back Mug Kids Mummy Daddy His Hers Valentines Mum Dad Gift Mug Cup - I Love You To The Moon And Back Mug Kids Mummy Daddy His Hers Valentines Mum Dad Gift Mug Cup,Eono,HOME_BED_AND_BATH, ,,Ceramic,,1,duplicate,66.8
B07T254WNB,Amazon Brand - Solimo Designer Golden Stripes 3D Printed Hard Back Case Mobile Cover for Micromax Canvas Xpress 2 E313,Amazon Brand - Solimo,CELLULAR_PHONE_CASE,3D Printed Hard Back Case Mobile Cover for Micromax Canvas Xpress 2 E313,Others,,,0,none,100.0
B08541R5TD_DEFECT,Amazon Brand,Amazon Brand - Solimo,CELLULAR_PHONE_CASE,"Snug fit for Realme X, with perfect cut-outs for volume buttons, audio and charging ports",Multicolor,Silicon,,1,truncated_title,59.4
B071GVKWQV,"Wickedly Prime Almendras tostadas, canela-az&uacute;car, paquete de 1.5&nbsp;oz (paquete de 15)",Wickedly Prime,GROCERY,Quince 1.5-ounce Snack paquetes,,,"{'height': {'normalized_value': {'unit': 'inches', 'value': 4}, 'unit': 'inches', 'value': 4}, 'length': {'normalized_value': {'unit': 'inches', 'value': 12}, 'unit': 'inches', 'value': 12}, 'width': {'normalized_value': {'unit': 'inches', 'value': 11}, 'unit': 'inches', 'value': 11}}",0,none,100.0
B07TRWNBYW_DEFECT,Amazon Brand - Solimo Designer Multicolor Canvas 3D Printed Hard Back Case Mobile Cover for Xiaomi Redmi Note 7 Pro,Amazon Brand - Solimo,OFFICE_PRODUCTS,3D Printed Hard Back Case Mobile Cover for Xiaomi Redmi Note 7 Pro,Others,,,1,category_mismatch,42.9
B07L3M84RP,Amazon Brand - find. Women's Two-band Sparkly Open-Toe Flat Sandals,find.,SHOES,An Amazon Brand,,,,0,none,100.0
B08541R65J,Amazon Brand - Solimo Designer Dark Night View UV Printed Soft Back Case Mobile Cover for Mobiistar C1 Lite,Amazon Brand - Solimo,CELLULAR_PHONE_CASE,"Snug fit for Mobiistar C1 Lite, with perfect cut-outs for volume buttons, audio and charging ports",Multicolor,Silicon,,0,none,100.0
B07VQ72KHS_DEFECT,Amazon Brand - Symbol Men's Navy/White Sneakers-11 UK (45 EU) (12 US) (AZ-SY-408) - Amazon Brand - Symbol Men's Navy/White Sneakers-11 UK (45 EU) (12 US) (AZ-SY-408),,SHOES,आउटर मटीरियल: PU आउटर मटीरियल: PU,नीला,PU,,1,duplicate,51.6
B0854FKPLJ,Amazon Brand - Solimo Designer Dark Flowers Photography UV Printed Soft Back Case Mobile Cover for Samsung Galaxy M30,Amazon Brand - Solimo,CELLULAR_PHONE_CASE,"Snug fit for Samsung Galaxy M30, with perfect cut-outs for volume buttons, audio and charging ports",Multicolor,Silicon,,0,none,100.0
B07T9TND12,Amazon Brand - Solimo Designer Sparkle Girl Boss 3D Printed Hard Back Case Mobile Cover for Vivo Y69,Amazon Brand - Solimo,CELLULAR_PHONE_CASE,3D Printed Hard Back Case Mobile Cover for Vivo Y69,Others,,,0,none,100.0
B07BDYY635_DEFECT,Amazon Brand - Symbol Men's Navy Sneakers-10 UK/India (44 EU) (AZ-YS-189 A),,SHOES,Material: Synthetic,,,,1,missing_attribute,59.1
B0856B4TS9_DEFECT,Amazon Brand - Solimo Designer Happy Girls are The Prettiest UV Printed Soft Back Case Mobile Cover for Mi Redmi Note 3,Amazon Brand - Solimo,HOME_FURNITURE,"Snug fit for Mi Redmi Note 3, with perfect cut-outs for volume buttons, audio and charging ports",Multicolor,Silicon,,1,category_mismatch,48.8
B0853WSQYY_DEFECT,Amazon Brand,,CELLULAR_PHONE_CASE,"Snug fit for Realme C3, with perfect cut-outs for volume buttons, audio and charging ports",Multicolor,Plastic,,1,truncated_title,45.6
B074MFQS9B,"365 Everyday Value, Pitted Prunes, 8 oz",365 by Whole Foods Market,FRUIT,"Brought to you by Whole Foods Market.  The packaging for this product has a fresh new look. During this transition, you may get the original packaging or the new packaging in your order, but the product and quality is staying exactly the same. Enjoy!",,,"{'height': {'normalized_value': {'unit': 'inches', 'value': 6.25}, 'unit': 'inches', 'value': 6.25}, 'length': {'normalized_value': {'unit': 'inches', 'value': 2.88}, 'unit': 'inches', 'value': 2.88}, 'width': {'normalized_value': {'unit': 'inches', 'value': 8.5}, 'unit': 'inches', 'value': 8.5}}",0,none,100.0
B08569KZPH,Amazon Brand - Solimo Designer White Dog UV Printed Soft Back Case Mobile Cover for Samsung Galaxy A8 Plus,Amazon Brand - Solimo,CELLULAR_PHONE_CASE,"Snug fit for Samsung Galaxy A8 Plus, with perfect cut-outs for volume buttons, audio and charging ports",Multicolor,Silicon,,0,none,100.0
B07R5V7F3H,Amazon Brand - Solimo Designer Floral Printed Hard Back Case Mobile Cover for Xiaomi Redmi 5 (D1159),Amazon Brand - Solimo,CELLULAR_PHONE_CASE,"Snug fit for Xiaomi Redmi 5, with perfect cutouts for volume buttons, audio & charging ports",multi-colored,,,0,none,100.0
B01C9LK87M,Genuine Emerald and Cubic Zirconia Stud Earrings,Amazon Collection,EARRING,,Green,sterling-silver,,0,none,100.0
B07VDFPV5Q,"AmazonBasics - Grijze cross-cut versnipperaar voor papier en creditcards, met verwijderbare afvalcontainer, voor 5-6 lagig papier",AmazonBasics,OFFICE_ELECTRONICS,,,,"{'height': {'normalized_value': {'unit': 'inches', 'value': 13.94094486767}, 'unit': 'centimeters', 'value': 35.41}, 'length': {'normalized_value': {'unit': 'inches', 'value': 11.42125983087}, 'unit': 'centimeters', 'value': 29.01}, 'width': {'normalized_value': {'unit': 'inches', 'value': 5.511811018}, 'unit': 'centimeters', 'value': 14}}",0,none,100.0
B075HBTX4M,AmazonBasics 캡 마감 커튼 봉,AmazonBasics,HOME,"Adjustable-length curtain rod in Espresso (Dark Bronze) extends from 36 to 72 inches end-to-end excluding finials, 41 to 77 inches including finials",Bronze,Acero,,0,none,100.0
B07TBV4DL6,Amazon Brand - Solimo Designer Flowers Photograpy 3D Printed Hard Back Case Mobile Cover for Apple iPhone Xs Max,Amazon Brand - Solimo,CELLULAR_PHONE_CASE,3D Printed Hard Back Case Mobile Cover for Apple iPhone XS Max,Others,,,0,none,100.0
B07T1JV3SK_DEFECT,Amazon Brand,Amazon Brand - Solimo,CELLULAR_PHONE_CASE,3D Printed Hard Back Case Mobile Cover for Samsung Galaxy Note 3 Neo,Others,,,1,truncated_title,56.7
B07TG4VZMD,Amazon Brand - Solimo Designer Sparkling Stars 3D Printed Hard Back Case Mobile Cover for Huawei G8,Amazon Brand - Solimo,CELLULAR_PHONE_CASE,3D Printed Hard Back Case Mobile Cover for Huawei G8,Others,,,0,none,100.0
B081HNGR5N,Amazon Brand - Solimo Designer Heart Design 3D Printed Hard Back Case Mobile Cover for Motorola Moto E6s / Motorola Moto E6 Plus,Amazon Brand - Solimo,CELLULAR_PHONE_CASE,"Snug fit for Mobile, with perfect cut-outs for volume buttons, audio and charging ports",multi-colored,Plastic,,0,none,100.0
B01N27SMXC_DEFECT,"THE FIX 女式 foley 流苏一脚蹬凉鞋, 米色, 6.5 B(M) US",,SHOES,menswear-inspired Fransen schmücken das Leder Slide Sandale mit minimalistischen Ferse.,,,"{'height': {'normalized_value': {'unit': 'inches', 'value': 4.13}, 'unit': 'inches', 'value': 4.13}, 'length': {'normalized_value': {'unit': 'inches', 'value': 11.61}, 'unit': 'inches', 'value': 11.61}, 'width': {'normalized_value': {'unit': 'inches', 'value': 5.51}, 'unit': 'inches', 'value': 5.51}}",1,missing_attribute,63.7
B0856G6NYZ,Amazon Brand - Solimo Designer Multicolor Heart Pattern Alphabet-G Printed Soft Back Case Mobile Cover for Motorola Moto E6s / Motorola Moto E6 Plus,Amazon Brand - Solimo,CELLULAR_PHONE_CASE,"Snug fit for Mobile, with perfect cut-outs for volume buttons, audio and charging ports",multi-colored,,,0,none,100.0
B07TF1CQBF,Amazon Brand - Solimo Designer Red and Purple Brick 3D Printed Hard Back Case Mobile Cover for Motorola Moto G4 Play,Amazon Brand - Solimo,CELLULAR_PHONE_CASE,3D Printed Hard Back Case Mobile Cover for Motorola Moto G4 Play,Others,,,0,none,100.0
B07FS68L6N,"Umi Red Wine Glasses Lead Free 15oz with Clear Long Crystal Diamond Stem - Birthday, Anniversary or Wedding Gifts",UMI,KITCHEN,"Size: Volume 15oz (440 ml), Height 240 mm, Diameter 85mm",,Crystal,"{'height': {'normalized_value': {'unit': 'inches', 'value': 3.34645}, 'unit': 'millimeters', 'value': 85}, 'length': {'normalized_value': {'unit': 'inches', 'value': 9.4488}, 'unit': 'millimeters', 'value': 240}, 'width': {'normalized_value': {'unit': 'inches', 'value': 3.34645}, 'unit': 'millimeters', 'value': 85}}",0,none,100.0
B0853X1CBB_DEFECT,Amazon Brand - Solimo Designer Autumn Girl 3D Printed Hard Back Case Mobile Cover for Samsung Galaxy M30,,CELLULAR_PHONE_CASE,"Snug fit for Samsung Galaxy M30, with perfect cut-outs for volume buttons, audio and charging ports",,,,1,missing_attribute,63.7
B08547754G,Amazon Brand - Solimo Designer Kitty UV Printed Soft Back Case Mobile Cover for Asus ZenFone Max Pro M2,Amazon Brand - Solimo,CELLULAR_PHONE_CASE,"Snug fit for Asus ZenFone Max Pro M2, with perfect cut-outs for volume buttons, audio and charging ports",Multicolor,Silicone,,0,none,100.0
B073HJM3L4_DEFECT,AmazonBasics H11 Bolsas para aspiradora con control de olores para Hoover (4 unidades),AmazonBasics,HOME_FURNITURE,Ofrece una mayor capacidad de succión y hasta un 50% más de vida útil en comparación con bolsas de papel para aspiradora.,,,"{'height': {'normalized_value': {'unit': 'inches', 'value': 12.992125971}, 'unit': 'centimeters', 'value': 33}, 'length': {'normalized_value': {'unit': 'inches', 'value': 0.9842519675}, 'unit': 'centimeters', 'value': 2.5}, 'width': {'normalized_value': {'unit': 'inches', 'value': 10.629921249}, 'unit': 'centimeters', 'value': 27}}",1,category_mismatch,48.0
B07T6V6R6V_DEFECT,Amazon Brand - Solimo Designer Skeletan 3D Printed Hard Back Case Mobile Cover for Micromax Canvas Juice 3 Q392,,ELECTRONICS,3D Printed Hard Back Case Mobile Cover for Micromax Canvas Juice 3 Q392,Others,,,1,category_mismatch,34.2
B000FVUADG,"Pinzon 13-Inch Parsley Chargers, Set of 4",Pinzon by Amazon,DISHWARE_PLATE,Includes 4 13-inch chargers for serving entrees or layering dinner plates,,,,0,none,100.0
B07FZM1SNH,"Essentials Men's Big-Tall Stretch Woven Braid Belt, khaki, 48",Amazon Essentials,ACCESSORY,Ajuste perfecto/ajustable: cinturón trenzado de encaje con agujeros alrededor de la correa. Nuestro cinturón Amazon Essentials te proporciona la opción de ajuste más ajustable con agujeros ubicados cada 1/4 pulgadas. Más de 50 agujeros para cinturón te permiten encontrar tu ajuste perfecto todo el día.,khaki,,,0,none,100.0
B081HNG3P5,Amazon Brand - Solimo Designer Triangle Pattern 3D Printed Hard Back Case Mobile Cover for Samsung Galaxy A50s,Amazon Brand - Solimo,CELLULAR_PHONE_CASE,"Snug fit for Mobile, with perfect cut-outs for volume buttons, audio and charging ports",multi-colored,Plastic,,0,none,100.0
B07T6VBS5K_DEFECT,Amazon Brand - Solimo Designer Red and Cream Color Wood 3D Printed Hard Back Case Mobile Cover for Samsung Galaxy A7 (2016),,HOME_FURNITURE,3D Printed Hard Back Case Mobile Cover for Samsung Galaxy A7 (2016),Others,Wood,,1,category_mismatch,34.9
B00GBUJF3G,strathwood 耐风雨深座户外 recliner,Strathwood by Amazon.com,CHAIR,室外躺椅作为椅子躺椅视位置,,Steel +Glass,"{'height': {'normalized_value': {'unit': 'inches', 'value': 38.5826784}, 'unit': 'inches', 'value': 38.5826784}, 'length': {'normalized_value': {'unit': 'inches', 'value': 36.2204736}, 'unit': 'inches', 'value': 36.2204736}, 'width': {'normalized_value': {'unit': 'inches', 'value': 26.3779536}, 'unit': 'inches', 'value': 26.3779536}}",0,none,100.0
B01MR78EZO_DEFECT,Marca Amazon,,SHOES,Diseño clásico con elástico en contraste,,,,1,truncated_title,35.8
B07XYQ7FWD,"UMI. by Amazon - Oreiller en Plumes et Duvet d'oie Blanche avec Housse en Coton, Lavable en Machine, 80x80cm, Lot de 2",UMI,HOME,"TAILLE: 80x80cm, deux oreillers sont emballés sous vide et roulés dans un sac en PVC pour l'expédition.",,,,0,none,100.0
B07T9TPDY8_DEFECT,Amazon Brand,Amazon Brand - Solimo,CELLULAR_PHONE_CASE,3D Printed Hard Back Case Mobile Cover for Vivo Y69,Others,,,1,truncated_title,68.0
B0857MDG5H_DEFECT,Amazon Brand,Amazon Brand - Solimo,CELLULAR_PHONE_CASE,"Snug fit for Oppo F9 Pro, with perfect cut-outs for volume buttons, audio and charging ports",Multicolor,Silicon,,1,truncated_title,61.4
B07HFWK673_DEFECT,[Amazon Collection],Amazon Collection(アマゾンコレクション),RING,素材:スターリングシルバー(プラチナメッキ加工),,,,1,truncated_title,63.5
B07TG4KZ16_DEFECT,Amazon Brand - Solimo Designer Golden Stripes 3D Printed Hard Back Case Mobile Cover for Samsung Galaxy J2 Core,Amazon Brand - Solimo,ELECTRONICS,3D Printed Hard Back Case Mobile Cover for Samsung Galaxy J2 Core,Others,,,1,category_mismatch,44.2
B0857M81YH_DEFECT,Amazon Brand,Amazon Brand - Solimo,CELLULAR_PHONE_CASE,"Snug fit for Vivo V3, with perfect cut-outs for volume buttons, audio and charging ports",Multicolor,Silicon,,1,truncated_title,62.3
B08BYCZNPT_DEFECT,[Amazonブランド] Umi.(ウミ)ランドリーバスケット ランドリーボックス 折りたたみ式 ハンドル付き 45L,Umi.(ウミ),BEAUTY,【スリムサイズで持ち運びに便利】39㎝x20㎝x56㎝のサイズで、洗濯機と乾燥機の間の狭いスペースや小さなキャビネットエリアなどの場所に適切。そして、20x40x6㎝の小さいサイズに折りたたみ可能。,米色1,,,1,category_mismatch,57.5
B07GT8V1ZF,"Marchio Amazon- Solimo Integratore alimentare di olio di pesce con omega 3 extra forte (1000 mg), 180 capsule",Solimo,NUTRITIONAL_SUPPLEMENT,Gli omega 3 contengono gli acidi grassi essenziali EPA e DHA che contribuiscono alla normale funzione cardiaca,,,"{'height': {'normalized_value': {'unit': 'inches', 'value': 3.149606296}, 'unit': 'centimeters', 'value': 8}, 'length': {'normalized_value': {'unit': 'inches', 'value': 9.055118101}, 'unit': 'centimeters', 'value': 23}, 'width': {'normalized_value': {'unit': 'inches', 'value': 6.1023621985}, 'unit': 'centimeters', 'value': 15.5}}",0,none,100.0
B0856B14VK_DEFECT,Amazon Brand - Solimo Designer Stone Heart 3D Printed Hard Back Case Mobile Cover for Samsung Galaxy A51 - Amazon Brand - Solimo Designer Stone Heart 3D Printed Hard Back Case Mobile Cover for Samsung Galaxy A51,Amazon Brand - Solimo,CELLULAR_PHONE_CASE,"Snug fit for Samsung Galaxy A51, with perfect cut-outs for volume buttons, audio and charging ports Snug fit for Samsung Galaxy A51, with perfect cut-outs for volume buttons, audio and charging ports",Multicolor,Plastic,,1,duplicate,72.6
B07TH3755J_DEFECT,Amazon Brand - Solimo Designer Kissing Couple 3D Printed Hard Back Case Mobile Cover for Nokia 2.1,Amazon Brand - Solimo,BEAUTY,3D Printed Hard Back Case Mobile Cover for Nokia 2.1,Others,,,1,category_mismatch,49.2
B0757XXRBR,AmazonBasics Remanufactured Ink Kartuş Replacement for Canon CLI 521,AmazonBasics,OFFICE_PRODUCTS,,Photo Black,,"{'height': {'normalized_value': {'unit': 'inches', 'value': 1.5}, 'unit': 'inches', 'value': 1.5}, 'length': {'normalized_value': {'unit': 'inches', 'value': 3}, 'unit': 'inches', 'value': 3}, 'width': {'normalized_value': {'unit': 'inches', 'value': 0.8}, 'unit': 'inches', 'value': 0.8}}",0,none,100.0
B08283F14G,"Solimo 10L Bin Liners, 75 stuks per rol, 3 stuks",Solimo,ABIS_DRUGSTORE,hoogwaardige vuilnisbakken zijn gemaakt van extra sterk en extra duurzaam kunststof (HDPE),,,"{'height': {'normalized_value': {'unit': 'inches', 'value': 2.362204722}, 'unit': 'centimeters', 'value': 6}, 'length': {'normalized_value': {'unit': 'inches', 'value': 7.086614166}, 'unit': 'centimeters', 'value': 18}, 'width': {'normalized_value': {'unit': 'inches', 'value': 3.93700787}, 'unit': 'centimeters', 'value': 10}}",0,none,100.0
B07YN48J13,"Amazon merk - Movian MULTIBOX 6, bookcase, 73,7 x 33,1 x 108.2 cm, wit",Movian,HOME_FURNITURE_AND_DECOR,"White MFC (melamine gedeeltelijk board), ABS rand",White,Other,"{'height': {'normalized_value': {'unit': 'inches', 'value': 42.5984251534}, 'unit': 'centimeters', 'value': 108.2}, 'length': {'normalized_value': {'unit': 'inches', 'value': 29.0157480019}, 'unit': 'centimeters', 'value': 73.7}, 'width': {'normalized_value': {'unit': 'inches', 'value': 13.0314960497}, 'unit': 'centimeters', 'value': 33.1}}",0,none,100.0
B084MZ4HYV,Burwood Men's Black Leather Formal Shoes-6 UK (40 EU) (BW 397),Burwood,SHOES,आउटर मटीरियल: लेदर,काला,,,0,none,100.0
B075WYYHXT_DEFECT,"Rivet Navy Swatch, 25010043 Azul Mochila - Rivet Navy Swatch, 25010043 Azul Mochila",Rivet,BENCH, ,Marino,,,1,duplicate,78.7
B0853WYZ2L_DEFECT,Amazon Brand - Solimo Designer Lake View UV Printed Soft Back Case Mobile Cover for Tecno Camon i Twin,Amazon Brand - Solimo,HARDWARE,"Snug fit for Tecno Camon i Twin, with perfect cut-outs for volume buttons, audio and charging ports",Multicolor,Silicone,,1,category_mismatch,44.3
B07TG4W6YJ,Amazon Brand - Solimo Designer Shake 3D Printed Hard Back Case Mobile Cover for Vivo Y27L,Amazon Brand - Solimo,CELLULAR_PHONE_CASE,3D Printed Hard Back Case Mobile Cover for Vivo Y27L,Others,,,0,none,100.0
B00I8T4J5C_DEFECT,AmazonBasics 7-Inch,AmazonBasics,PORTABLE_ELECTRONIC_DEVICE_COVER,Form-fitting sleeve with quick top-loading access,Black,,"{'height': {'normalized_value': {'unit': 'inches', 'value': 0.8}, 'unit': 'inches', 'value': 0.8}, 'length': {'normalized_value': {'unit': 'inches', 'value': 8.2}, 'unit': 'inches', 'value': 8.2}, 'width': {'normalized_value': {'unit': 'inches', 'value': 5.4}, 'unit': 'inches', 'value': 5.4}}",1,truncated_title,57.2
B07T1L9NJW,AmazonBasics 200TC Poly Cotton Flat Sheet,AmazonBasics,FLAT_SHEET,,,,"{'height': {'normalized_value': {'unit': 'inches', 'value': 1.18}, 'unit': 'inches', 'value': 1.18}, 'length': {'normalized_value': {'unit': 'inches', 'value': 11.02}, 'unit': 'inches', 'value': 11.02}, 'width': {'normalized_value': {'unit': 'inches', 'value': 9.65}, 'unit': 'inches', 'value': 9.65}}",0,none,100.0
B07T22SC1J_DEFECT,Amazon Brand,Amazon Brand - Solimo,CELLULAR_PHONE_CASE,3D Printed Hard Back Case Mobile Cover for Motorola Moto G 2nd Generation,Others,,,1,truncated_title,63.5
B07CZL4SD7_DEFECT,"Solimo 3-Blade MotionSphere Razor for Men, Handle & 20 Cartridges (Cartridges fit Solimo Razor Handles only) - Solimo 3-Blade MotionSphere Razor for Men, Handle & 20 Cartridges (Cartridges fit Solimo Razor Handles only)",Solimo,ORTHOPEDIC_BRACE,Men 3-blade starter kit - 20 count Men 3-blade starter kit - 20 count,,,"{'height': {'normalized_value': {'unit': 'inches', 'value': 1.5}, 'unit': 'inches', 'value': 1.5}, 'length': {'normalized_value': {'unit': 'inches', 'value': 6.63}, 'unit': 'inches', 'value': 6.63}, 'width': {'normalized_value': {'unit': 'inches', 'value': 9.88}, 'unit': 'inches', 'value': 9.88}}",1,duplicate,69.5
B07T7ZZ55B_DEFECT,Amazon Brand - Solimo Designer Gary Canvas 3D Printed Hard Back Case Mobile Cover for Samsung Galaxy Core Prime - Amazon Brand - Solimo Designer Gary Canvas 3D Printed Hard Back Case Mobile Cover for Samsung Galaxy Core Prime,Amazon Brand - Solimo,CELLULAR_PHONE_CASE,3D Printed Hard Back Case Mobile Cover for Samsung Galaxy Core Prime 3D Printed Hard Back Case Mobile Cover for Samsung Galaxy Core Prime,Others,,,1,duplicate,66.5
B081HN95CW,Amazon Brand - Solimo Designer Heart Pattern Design 3D Printed Hard Back Case Mobile Cover for Samsung Galaxy M21 / M30s,Amazon Brand - Solimo,CELLULAR_PHONE_CASE,"Snug fit for Mobile, with perfect cut-outs for volume buttons, audio and charging ports",multi-colored,Plastic,,0,none,100.0
B08569X6CV,Amazon Brand - Solimo Designer Colored Paris UV Printed Soft Back Case Mobile Cover for Lyf Wind 2,Amazon Brand - Solimo,CELLULAR_PHONE_CASE,"Snug fit for Lyf Wind 2, with perfect cut-outs for volume buttons, audio and charging ports",Multicolor,Silicone,,0,none,100.0
B071XC8GKP,"RED WAGON Babies en Cuir Grainé Fille, Rouge (Red), 26.5 EU",RED WAGON,SHOES,Cuir grainé et brillant,Rouge Red,,,0,none,100.0
B07J5C6M29,[アマゾンコレクション] Amazon Collection プラチナ鍍金スターリングシルバー イエローとクリアキュービックジルコニアのエタニティリング(0.38cttw)11サイズ,Amazon Collection(アマゾンコレクション),FINERING,キュービックジルコニア(CZ),,,,0,none,100.0
B07TG4KYY5,Amazon Brand - Solimo Designer Sea Wave 3D Printed Hard Back Case Mobile Cover for Vivo Y21L,Amazon Brand - Solimo,CELLULAR_PHONE_CASE,3D Printed Hard Back Case Mobile Cover for Vivo Y21L,Others,,,0,none,100.0
B0857KZXX7,Amazon Brand - Solimo Designer Leaf on Wood UV Printed Soft Back Case Mobile Cover for HTC Desire 626/HTC Desire 628,Amazon Brand - Solimo,CELLULAR_PHONE_CASE,"Snug fit for HTC Desire 626/HTC Desire 628, with perfect cut-outs for volume buttons, audio and charging ports",Multicolor,Silicone,,0,none,100.0
B07FGJLZXJ_DEFECT,Whole Foods,Whole Foods Market,GROCERY,"All of our products are organic, gluten-free, dairy-free, and non-GMO.",,,"{'height': {'normalized_value': {'unit': 'inches', 'value': 7}, 'unit': 'inches', 'value': 7}, 'length': {'normalized_value': {'unit': 'inches', 'value': 2}, 'unit': 'inches', 'value': 2}, 'width': {'normalized_value': {'unit': 'inches', 'value': 2}, 'unit': 'inches', 'value': 2}}",1,truncated_title,66.6
B01IAWSCS6,"AmazonBasics – Carpeta de 3 anillas, paquete de 4",Amazon Basics,STORAGE_BINDER,Una marca de Amazon.,,,,0,none,100.0
B07T811MGQ,Amazon Brand - Solimo Designer Sea View 3D Printed Hard Back Case Mobile Cover for LG G4 Stylus,Amazon Brand - Solimo,CELLULAR_PHONE_CASE,3D Printed Hard Back Case Mobile Cover for LG G4 Stylus,Others,,,0,none,100.0
B07TQHB765,Amazon Brand - Solimo Designer B-Butterflies 3D Printed Hard Back Case Mobile Cover for Xiaomi Redmi Note 7 Pro,Amazon Brand - Solimo,CELLULAR_PHONE_CASE,3D Printed Hard Back Case Mobile Cover for Xiaomi Redmi Note 7 Pro,Others,,,0,none,100.0
B08541R65J_DEFECT,Amazon Brand - Solimo Designer Dark Night View UV Printed Soft Back Case Mobile Cover for Mobiistar C1 Lite - Amazon Brand - Solimo Designer Dark Night View UV Printed Soft Back Case Mobile Cover for Mobiistar C1 Lite,,CELLULAR_PHONE_CASE,"Snug fit for Mobiistar C1 Lite, with perfect cut-outs for volume buttons, audio and charging ports Snug fit for Mobiistar C1 Lite, with perfect cut-outs for volume buttons, audio and charging ports",Multicolor,Silicon,,1,duplicate,59.2
B07T22M2VG,Amazon Brand - Solimo Designer Panda Texture 3D Printed Hard Back Case Mobile Cover for Motorola Moto E 2nd Generation,Amazon Brand - Solimo,CELLULAR_PHONE_CASE,3D Printed Hard Back Case Mobile Cover for Motorola Moto E 2nd Generation,Others,,,0,none,100.0
B07TF1H214,Amazon Brand - Solimo Designer Love 3D Printed Hard Back Case Mobile Cover for Oppo A37,Amazon Brand - Solimo,CELLULAR_PHONE_CASE,3D Printed Hard Back Case Mobile Cover for Oppo A37,Others,,,0,none,100.0
B07TG4W7CW_DEFECT,Amazon Brand - Solimo Designer Multicolor Plastic Paint 3D Printed Hard Back Case Mobile Cover for Vivo Y21L,,CELLULAR_PHONE_CASE,3D Printed Hard Back Case Mobile Cover for Vivo Y21L,,,,1,missing_attribute,50.8
B08545ZYB4_DEFECT,Amazon Brand - Solimo Designer Autumn Girl UV Printed Soft Back Case Mobile Cover for Karbonn Aura Power 4G Plus - Amazon Brand - Solimo Designer Autumn Girl UV Printed Soft Back Case Mobile Cover for Karbonn Aura Power 4G Plus,Amazon Brand - Solimo,CELLULAR_PHONE_CASE,"Snug fit for Karbonn Aura Power 4G Plus, with perfect cut-outs for volume buttons, audio and charging ports Snug fit for Karbonn Aura Power 4G Plus, with perfect cut-outs for volume buttons, audio and charging ports",Multicolor,Silicon,,1,duplicate,78.8
B07K4QZTNH_DEFECT,Banco de parque,Amazon Basics,KITCHEN,Banco exterior que proporciona un atractivo decorativo y un lugar cómodo para sentarse.,,Steel,"{'height': {'normalized_value': {'unit': 'inches', 'value': 22.8}, 'unit': 'inches', 'value': 22.8}, 'length': {'normalized_value': {'unit': 'inches', 'value': 49.6}, 'unit': 'inches', 'value': 49.6}, 'width': {'normalized_value': {'unit': 'inches', 'value': 31.5}, 'unit': 'inches', 'value': 31.5}}",1,category_mismatch,47.7
B07DNH84WX,I Love You To The Moon And Back Mug Kids Mummy Daddy His Hers Valentines Mum Dad Gift Mug Cup,Eono,HOME_BED_AND_BATH,,,Ceramic,,0,none,100.0
B07TG4WKHV,Amazon Brand - Solimo Designer Canvas with Blue Paint 3D Printed Hard Back Case Mobile Cover for Coolpad Cool1 Dual,Amazon Brand - Solimo,CELLULAR_PHONE_CASE,3D Printed Hard Back Case Mobile Cover for Coolpad Cool1 dual,Others,,,0,none,100.0
B07RVM74L2,Marca Amazon - Spotted Zebra 2-piece Toddler Fleece Cold Weather Accessories Set - cold-weather-accessory-sets Niños,Spotted Zebra,ACCESSORY,TBD 1,,,,0,none,100.0
B0853XFQJR,Amazon Brand - Solimo Designer Queen On Red Glitter UV Printed Soft Back Case Mobile Cover for Tecno Camon i Twin,Amazon Brand - Solimo,CELLULAR_PHONE_CASE,"Snug fit for Tecno Camon i Twin, with perfect cut-outs for volume buttons, audio and charging ports",Multicolor,Silicone,,0,none,100.0
B08569Y2B2_DEFECT,Amazon Brand - Solimo Designer White Dog UV Printed Soft Back Case Mobile Cover for Mi Redmi Y3 - Amazon Brand - Solimo Designer White Dog UV Printed Soft Back Case Mobile Cover for Mi Redmi Y3,Amazon Brand - Solimo,CELLULAR_PHONE_CASE,"Snug fit for Mi Redmi Y3, with perfect cut-outs for volume buttons, audio and charging ports Snug fit for Mi Redmi Y3, with perfect cut-outs for volume buttons, audio and charging ports",Multicolor,Silicone,,1,duplicate,78.4
B0854BQW21,Amazon Brand - Solimo Designer Wooden Beach UV Printed Soft Back Case Mobile Cover for Micromax Selfie 2 Note Q4601,Amazon Brand - Solimo,CELLULAR_PHONE_CASE,"Snug fit for Micromax Selfie 2 Note Q4601, with perfect cut-outs for volume buttons, audio and charging ports",Multicolor,Silicone,,0,none,100.0
B07SZGM17D,Amazon Brand - Solimo Designer Daddy's Girl in Glitter Pattern 3D Printed Hard Back Case Mobile Cover for Xiaomi Redmi Note 3,Amazon Brand - Solimo,CELLULAR_PHONE_CASE,3D Printed Hard Back Case Mobile Cover for Xiaomi Redmi Note 3,Others,,,0,none,100.0
B07RJY9TK1,"Whole Foods Market, All-In-One Plant Protein, French Vanilla, 15 oz",Whole Foods Market,GROCERY,"Brought to you by Whole Foods Market.  When it comes to innovative flavors and products sourced from artisans and producers around the world, the Whole Foods Market brand has you covered. Amazing products, exceptional ingredients, no compromises.",,,"{'height': {'normalized_value': {'unit': 'inches', 'value': 6.65}, 'unit': 'inches', 'value': 6.65}, 'length': {'normalized_value': {'unit': 'inches', 'value': 4.85}, 'unit': 'inches', 'value': 4.85}, 'width': {'normalized_value': {'unit': 'inches', 'value': 4.85}, 'unit': 'inches', 'value': 4.85}}",0,none,100.0
B07WR363KB_DEFECT,Flavia Women's,Flavia,HANDBAG,फॉक्स लेदर मटीरियल काले रंग का क्लच,काला,नकली लेदर,,1,truncated_title,67.0
B07CM5NZRC_DEFECT,AmazonBasics Wireless,AmazonBasics,COMPUTER_ADD_ON,All-in-one wireless (non-bluetooth) keyboard with touchpad for easily navigating your smart TV-connected PC,Black,,"{'height': {'normalized_value': {'unit': 'inches', 'value': 0.9}, 'unit': 'inches', 'value': 0.9}, 'length': {'normalized_value': {'unit': 'inches', 'value': 5}, 'unit': 'inches', 'value': 5}, 'width': {'normalized_value': {'unit': 'inches', 'value': 14.7}, 'unit': 'inches', 'value': 14.7}}",1,truncated_title,66.5
B07L939WX8_DEFECT,"Marchio Amazon -  Lyon Sandali con cinturino, tacco a blocco di The Drop",,CLOTHING,Basic di The Drop,,,,1,category_mismatch,32.9
B07DB92HMS_DEFECT,"Amazon Brand – Ravenna Home Darian Oversized Pillow Sofa, 92""W, Tan",Ravenna Home,SOFA,This item is made to order just for you,Tan,Polyester,"{'height': {'normalized_value': {'unit': 'inches', 'value': 36.0}, 'unit': 'inches', 'value': 36.0}, 'length': {'normalized_value': {'unit': 'inches', 'value': 37.0}, 'unit': 'inches', 'value': 37.0}, 'width': {'normalized_value': {'unit': 'inches', 'value': 92.0}, 'unit': 'inches', 'value': 92.0}}",1,category_mismatch,59.3
B0853XC4V3,Amazon Brand - Solimo Designer Sleepy Kitten 3D Printed Hard Back Case Mobile Cover for Samsung Galaxy A10,Amazon Brand - Solimo,CELLULAR_PHONE_CASE,"Snug fit for Samsung Galaxy A10, with perfect cut-outs for volume buttons, audio and charging ports",Multicolor,Plastic,,0,none,100.0
B07HP7116C_DEFECT,[アマゾンコレクション] Amazon,Amazon Collection(アマゾンコレクション),EARRING,キュービックジルコニア(CZ),,,,1,truncated_title,66.6
B07TH3B83Q_DEFECT,Amazon Brand - Solimo Designer Watermelon Pattern 3D Printed Hard Back Case Mobile Cover for Micromax Canvas Pace 4G Q416 - Amazon Brand - Solimo Designer Watermelon Pattern 3D Printed Hard Back Case Mobile Cover for Micromax Canvas Pace 4G Q416,Amazon Brand - Solimo,CELLULAR_PHONE_CASE,3D Printed Hard Back Case Mobile Cover for Micromax Canvas Pace 4G Q416 3D Printed Hard Back Case Mobile Cover for Micromax Canvas Pace 4G Q416,Others,Canvas,,1,duplicate,79.9
B085452X8H_DEFECT,Amazon Brand - Solimo Designer Kitty UV Printed Soft Back Case Mobile Cover for Vivo Z1 Pro,,CELLULAR_PHONE_CASE,"Snug fit for Vivo Z1 Pro, with perfect cut-outs for volume buttons, audio and charging ports",,,,1,missing_attribute,55.1
B072BPDJVS_DEFECT,AmazonBasics värmeisolerande,AmazonBasics,HOME_BED_AND_BATH,"Mörkläggningsgardin blockerar solljus och skadliga UV-strålar, minskar buller utanför och säkerställer total integritet",Spa Blue,,"{'height': {'normalized_value': {'unit': 'inches', 'value': 2.1}, 'unit': 'inches', 'value': 2.1}, 'length': {'normalized_value': {'unit': 'inches', 'value': 14.5}, 'unit': 'inches', 'value': 14.5}, 'width': {'normalized_value': {'unit': 'inches', 'value': 9.8}, 'unit': 'inches', 'value': 9.8}}",1,truncated_title,65.2
B07RCMY2NQ_DEFECT,Amazon Brand - Solimo Designer Happy Theme Printed Hard Back Case Mobile Cover for Xiaomi Redmi 6A (D1202),,CELLULAR_PHONE_CASE,"Snug fit for Xiaomi Redmi 6A, with perfect cutouts for volume buttons, audio and charging ports",,,,1,missing_attribute,57.5
B07Q7SK9FZ_DEFECT,Amazon Brand - Solimo Designer Marble Printed Hard Back Case Mobile Cover for Redmi Note 7 Pro & Redmi Note 7 - Amazon Brand - Solimo Designer Marble Printed Hard Back Case Mobile Cover for Redmi Note 7 Pro & Redmi Note 7,Amazon Brand - Solimo,CELLULAR_PHONE_CASE,Easy to put & take off Easy to put & take off,GEN223,,,1,duplicate,71.2
B07SZ15NCB_DEFECT,Amazon Brand,,CELLULAR_PHONE_CASE,3D Printed Hard Back Case Mobile Cover for Lenovo S850,Others,,,1,truncated_title,47.6
B07QGG3PVY,"Amazon Brand – Rivet Modern Handtufted Cotton and Wool Area Rug, 8' x 10', Distressed Blue and Ivory",Rivet,RUG,"The distressed look of this cotton-and-wool handtufted rug will add a modern accent to your space, but the bright blue-and-ivory coloring is flexible enough to work with any decor. A semiplush pile will soften and brighten bare areas while bringing warmth and comfort.",Blue/Ivory,wool,"{'height': {'normalized_value': {'unit': 'inches', 'value': 0.3}, 'unit': 'inches', 'value': 0.3}, 'length': {'normalized_value': {'unit': 'inches', 'value': 96.0}, 'unit': 'inches', 'value': 96.0}, 'width': {'normalized_value': {'unit': 'inches', 'value': 120.0}, 'unit': 'inches', 'value': 120.0}}",0,none,100.0
B07TF1D8YZ_DEFECT,Amazon Brand - Solimo Designer Purple Flowers 3D Printed Hard Back Case Mobile Cover for Huawei G8,Amazon Brand - Solimo,HARDWARE,3D Printed Hard Back Case Mobile Cover for Huawei G8,Others,,,1,category_mismatch,52.1
B08541M45N,Amazon Brand - Solimo Designer Cute Teddy Bear 3D Printed Hard Back Case Mobile Cover for Xiaomi Redmi 8,Amazon Brand - Solimo,CELLULAR_PHONE_CASE,"Snug fit for Mobile, with perfect cut-outs for volume buttons, audio and charging ports",multi-colored,Plastic,,0,none,100.0
B07TYKRNXT,AmazonBasics Multi-Purpose Wire Stripper and Cutter,Amazon Basics,TOOLS,Herramienta multiusos para pelar y cortar cables de cobre sólido o aluminio de 10-22 AWG,,,"{'height': {'normalized_value': {'unit': 'inches', 'value': 0.8}, 'unit': 'inches', 'value': 0.8}, 'length': {'normalized_value': {'unit': 'inches', 'value': 8.5}, 'unit': 'inches', 'value': 8.5}, 'width': {'normalized_value': {'unit': 'inches', 'value': 2.8}, 'unit': 'inches', 'value': 2.8}}",0,none,100.0
B074H6MCB2_DEFECT,"365 Everyday Value, Pretzel Nuggets, Peanut Butter, 10 oz - 365 Everyday Value, Pretzel Nuggets, Peanut Butter, 10 oz",,GROCERY,"We proudly present the greatest snack food merger of all time-pretzels and peanut butter. Our peanut butter pretzel nuggets are a sweet and salty snack for a lunchbox, after school or late night treat-a truly complete snacking package. We proudly present the greatest snack food merger of all time-pretzels and peanut butter. Our peanut butter pretzel nuggets are a sweet and salty snack for a lunchbox, after school or late night treat-a truly complete snacking package.",,,"{'height': {'normalized_value': {'unit': 'inches', 'value': 10.5}, 'unit': 'inches', 'value': 10.5}, 'length': {'normalized_value': {'unit': 'inches', 'value': 1}, 'unit': 'inches', 'value': 1}, 'width': {'normalized_value': {'unit': 'inches', 'value': 6.38}, 'unit': 'inches', 'value': 6.38}}",1,duplicate,56.5
B07T24WKBL,Amazon Brand - Solimo Designer Yellow and Green Paint 3D Printed Hard Back Case Mobile Cover for Samsung Galaxy E5,Amazon Brand - Solimo,CELLULAR_PHONE_CASE,3D Printed Hard Back Case Mobile Cover for Samsung Galaxy E5,Others,,,0,none,100.0
B07TF1D7B5,Amazon Brand - Solimo Designer Pick up 3D Printed Hard Back Case Mobile Cover for Apple iPhone 7 Plus (Logo Cut),Amazon Brand - Solimo,CELLULAR_PHONE_CASE,3D Printed Hard Back Case Mobile Cover for Apple iPhone 7 Plus (Logo Cut),Others,,,0,none,100.0
B07TBV4G18,Amazon Brand - Solimo Designer Panda Illustrator 3D Printed Hard Back Case Mobile Cover for Nokia 3310,Amazon Brand - Solimo,CELLULAR_PHONE_CASE,3D Printed Hard Back Case Mobile Cover for Nokia 3310,Others,,,0,none,100.0
B07TG3R69P,Amazon Brand - Solimo Designer Tiger in Water 3D Printed Hard Back Case Mobile Cover for Motorola One Power,Amazon Brand - Solimo,CELLULAR_PHONE_CASE,3D Printed Hard Back Case Mobile Cover for Motorola One Power,Others,,,0,none,100.0
B08569Y2ZP,Amazon Brand - Solimo Designer Colored Paris UV Printed Soft Back Case Mobile Cover for Samsung Galaxy M40,Amazon Brand - Solimo,CELLULAR_PHONE_CASE,"Snug fit for Samsung Galaxy M40, with perfect cut-outs for volume buttons, audio and charging ports",Multicolor,Silicone,,0,none,100.0
B088GSYZVX,"365 Everyday Value, Organic Stir Fry Blend (Broccoli, Carrots, Green Beans, Onions, Red Bell Peppers, and Mushrooms), 16 oz, (Frozen) Casepack",365 by Whole Foods Market,GROCERY,"Brought to you by Whole Foods Market.  The packaging for this product has a fresh new look. During this transition, you may get the original packaging or the new packaging in your order, but the product and quality is staying exactly the same. Enjoy!",,,,0,none,100.0
B07FQ4NTT3_DEFECT,"AmazonBasics 3 Gallon Waste Basket, Grey, 4-Pack",,OFFICE_PRODUCTS,"3-gallon waste basket (4-pack); Grey color; ideal for any home, workspace, or facility",Grey,,"{'height': {'normalized_value': {'unit': 'inches', 'value': 8.813}, 'unit': 'inches', 'value': 8.813}, 'length': {'normalized_value': {'unit': 'inches', 'value': 12.313}, 'unit': 'inches', 'value': 12.313}, 'width': {'normalized_value': {'unit': 'inches', 'value': 16.313}, 'unit': 'inches', 'value': 16.313}}",1,category_mismatch,35.1
B08569VK1F,Amazon Brand - Solimo Designer Color Flowers UV Printed Soft Back Case Mobile Cover for Huawei Honor 6X,Amazon Brand - Solimo,CELLULAR_PHONE_CASE,"Snug fit for Huawei Honor 6x, with perfect cut-outs for volume buttons, audio and charging ports",Multicolor,Silicone,,0,none,100.0
B07TB55YQK,Amazon Brand - Solimo Designer Flowers 3D Printed Hard Back Case Mobile Cover for LG G4 Stylus,Amazon Brand - Solimo,CELLULAR_PHONE_CASE,3D Printed Hard Back Case Mobile Cover for LG G4 Stylus,Others,,,0,none,100.0
B07QVL4P91_DEFECT,Amazon Brand,Amazon Brand - Solimo,CLOCK,Dial size: 12 inches in diameter,Black,Plastic,"{'height': {'normalized_value': {'unit': 'inches', 'value': 2.3622}, 'unit': 'millimeters', 'value': 60}, 'length': {'normalized_value': {'unit': 'inches', 'value': 11.811}, 'unit': 'millimeters', 'value': 300}, 'width': {'normalized_value': {'unit': 'inches', 'value': 11.811}, 'unit': 'millimeters', 'value': 300}}",1,truncated_title,69.8
B00MPFTS4M_DEFECT,Pinzon Hemstitch,Pinzon by Amazon,HOME_BED_AND_BATH,,Kahverengi,pamuk,"{'height': {'normalized_value': {'unit': 'inches', 'value': 7.87401574}, 'unit': 'centimeters', 'value': 20}, 'length': {'normalized_value': {'unit': 'inches', 'value': 78.7401574}, 'unit': 'centimeters', 'value': 200}, 'width': {'normalized_value': {'unit': 'inches', 'value': 62.99212592}, 'unit': 'centimeters', 'value': 160}}",1,truncated_title,60.8
B07QDSB42F_DEFECT,Amazon Essentials Women's Shelly,,SHOES,Canvas,,,,1,missing_attribute,61.2
B0853XF619_DEFECT,Amazon Brand - Solimo Designer Colored Paris 3D Printed Hard Back Case Mobile Cover for Samsung Galaxy M40 - Amazon Brand - Solimo Designer Colored Paris 3D Printed Hard Back Case Mobile Cover for Samsung Galaxy M40,Amazon Brand - Solimo,CELLULAR_PHONE_CASE,"Snug fit for Samsung Galaxy M40, with perfect cut-outs for volume buttons, audio and charging ports Snug fit for Samsung Galaxy M40, with perfect cut-outs for volume buttons, audio and charging ports",Multicolor,Plastic,,1,duplicate,70.5
B07TH3JPSM_DEFECT,Amazon Brand - Solimo Designer Number Four 3D Printed Hard Back Case Mobile Cover for LeEco Le Max 2,,CELLULAR_PHONE_CASE,3D Printed Hard Back Case Mobile Cover for LeEco Le Max 2,,,,1,missing_attribute,54.4
B06VXB49HW,"find. Women's Basic Leather, (Black), 8 UK",find.,SHOES,,Black (Black),,,0,none,100.0
B0773JGMQK_DEFECT,AmazonBasics 60 W 6-port USB 插座充电器 – 黑色英国版,AmazonBasics,HARDWARE,,Black,,"{'height': {'normalized_value': {'unit': 'inches', 'value': 1.1}, 'unit': 'inches', 'value': 1.1}, 'length': {'normalized_value': {'unit': 'inches', 'value': 3.9}, 'unit': 'inches', 'value': 3.9}, 'width': {'normalized_value': {'unit': 'inches', 'value': 2.76}, 'unit': 'inches', 'value': 2.76}}",1,category_mismatch,46.5
B07TBV4GMM_DEFECT,Amazon Brand,Amazon Brand - Solimo,CELLULAR_PHONE_CASE,3D Printed Hard Back Case Mobile Cover for Vivo Y27L,Others,,,1,truncated_title,64.4
B0853WSQYY,Amazon Brand - Solimo Designer Rock Lady Vector 3D Printed Hard Back Case Mobile Cover for Realme C3,Amazon Brand - Solimo,CELLULAR_PHONE_CASE,"Snug fit for Realme C3, with perfect cut-outs for volume buttons, audio and charging ports",Multicolor,Plastic,,0,none,100.0
B075YLTDZP,"Amazon Brand – Stone & Beam Transitional Shoreline With Hills Print, Cool Wood-Tone Frame, 27"" x 27""",Stone & Beam,WALL_ART,"This print of a starkly beautiful shoreline with sloping hills achieves much of its impact through shades of blue ranging from nearly white to deep indigo. It is housed in a frame with driftwood finish to complement the rustic, coastal theme.",Multicolor,,"{'height': {'normalized_value': {'unit': 'inches', 'value': 0.75}, 'unit': 'inches', 'value': 0.75}, 'length': {'normalized_value': {'unit': 'inches', 'value': 27.0}, 'unit': 'inches', 'value': 27.0}, 'width': {'normalized_value': {'unit': 'inches', 'value': 27.0}, 'unit': 'inches', 'value': 27.0}}",0,none,100.0
B0898D5K2N_DEFECT,"AmazonBasics - anteojos de tritan, Copas de vino sin tallo, 20 oz, Transparente, 591.47 mililitros, 1 - AmazonBasics - anteojos de tritan, Copas de vino sin tallo, 20 oz, Transparente, 591.47 mililitros, 1",Amazon Basics,DRINKING_CUP, ,Transparente,,"{'height': {'normalized_value': {'unit': 'inches', 'value': 4.25}, 'unit': 'inches', 'value': 4.25}, 'length': {'normalized_value': {'unit': 'inches', 'value': 3.6875}, 'unit': 'inches', 'value': 3.6875}, 'width': {'normalized_value': {'unit': 'inches', 'value': 3.6875}, 'unit': 'inches', 'value': 3.6875}}",1,duplicate,75.9
B07JGPK68C_DEFECT,"Marchio Amazon - Movian, credenza a 2 sportelli e 2 cassetti modello Lek, 100 x 119 x 40 cm, colore bianco",Movian,KITCHEN,Dimensioni: 100 x 119 x 40 cm,Bianco,,"{'height': {'normalized_value': {'unit': 'inches', 'value': 46.850393653}, 'unit': 'centimeters', 'value': 119}, 'length': {'normalized_value': {'unit': 'inches', 'value': 39.3700787}, 'unit': 'centimeters', 'value': 100}, 'width': {'normalized_value': {'unit': 'inches', 'value': 15.74803148}, 'unit': 'centimeters', 'value': 40}}",1,category_mismatch,49.6
B082Q21DTJ,"AmazonCommercial Heavy Duty Metal Surge Protector Power Strip, 1 PACK, Yellow",AmazonCommercial,HOME_LIGHTING_ACCESSORY,"Heavy-duty surge protector/power strip with 6 AC outlets; ideal for residential, commercial, or industrial environments",Yellow,,"{'height': {'normalized_value': {'unit': 'inches', 'value': 1.46}, 'unit': 'inches', 'value': 1.46}, 'length': {'normalized_value': {'unit': 'inches', 'value': 12.24}, 'unit': 'inches', 'value': 12.24}, 'width': {'normalized_value': {'unit': 'inches', 'value': 2.4}, 'unit': 'inches', 'value': 2.4}}",0,none,100.0
B073P3NK7T_DEFECT,Amazon 品牌 - Stone & Beam 现代水晶玻璃矩形台灯带灯泡和白色灯罩 - 45.72 x 30.48 x 30.48 厘米,Stone & Beam,MECHANICAL_COMPONENTS,이 세련된 램프는 흰색 대리석과 투명 크리스탈 유리의 좁은 베이스와 화이트 패브릭 쉐이드를 결합하여 매우 현대적인 효과를 냅니다. 이 눈길을 끄는 램프는 방을 밝히면서 인상을 남깁니다.,하얀색,Metal+Crystal+Fabric,"{'height': {'normalized_value': {'unit': 'inches', 'value': 18}, 'unit': 'inches', 'value': 18}, 'length': {'normalized_value': {'unit': 'inches', 'value': 12}, 'unit': 'inches', 'value': 12}, 'width': {'normalized_value': {'unit': 'inches', 'value': 12}, 'unit': 'inches', 'value': 12}}",1,category_mismatch,57.2
B07RBZ7958_DEFECT,Umi. Essentials,UMI,HEADPHONES,,rosso,,,1,truncated_title,69.1
B0728NWFGY,"아마존 브랜드 – 리벳 매디슨 모던 라운드 리프트 탑 보관 트레이 오토만 푸프, 19.7cm 너비",Rivet,OTTOMAN,"It's a footstool, a storage space, an end table, an extra seat for company. Turn over the lid and voila -- it's an extra tray for snacks! An ottoman couldn't be more clever and multi-tasking than this.",블랙,Marco de madera,"{'height': {'normalized_value': {'unit': 'inches', 'value': 16.5}, 'unit': 'inches', 'value': 16.5}, 'length': {'normalized_value': {'unit': 'inches', 'value': 19.7}, 'unit': 'inches', 'value': 19.7}, 'width': {'normalized_value': {'unit': 'inches', 'value': 19.7}, 'unit': 'inches', 'value': 19.7}}",0,none,100.0
B08HKSWD64,AmazonBasics Gaming Keyboard (Renewed),AmazonBasics,KEYBOARDS,AmazonBasics Gaming Keyboard; built-to-last keys—switch life of 10-million life cycles; Windows lock switch for Game/Desktop mode (disables Windows/Context Menu keys),Black,,"{'height': {'normalized_value': {'unit': 'inches', 'value': 1.53}, 'unit': 'inches', 'value': 1.53}, 'length': {'normalized_value': {'unit': 'inches', 'value': 19.75}, 'unit': 'inches', 'value': 19.75}, 'width': {'normalized_value': {'unit': 'inches', 'value': 7.7}, 'unit': 'inches', 'value': 7.7}}",0,none,100.0
B083H3WMT3,"AmazonBasics - Silla reclinable con acolchado extra (renovada), Poliuretano, Marrón",AmazonBasics,CHAIR,Classic-style chair with lever reclining mechanism,Marrón,Poliuretano,"{'height': {'normalized_value': {'unit': 'inches', 'value': 38.6}, 'unit': 'inches', 'value': 38.6}, 'length': {'normalized_value': {'unit': 'inches', 'value': 32.7}, 'unit': 'inches', 'value': 32.7}, 'width': {'normalized_value': {'unit': 'inches', 'value': 37.4}, 'unit': 'inches', 'value': 37.4}}",0,none,100.0
B07TH3CCMP_DEFECT,Amazon Brand - Solimo Designer Abstarct Texture 3D Printed Hard Back Case Mobile Cover for Gionee X1 - Amazon Brand - Solimo Designer Abstarct Texture 3D Printed Hard Back Case Mobile Cover for Gionee X1,Amazon Brand - Solimo,CELLULAR_PHONE_CASE,3D Printed Hard Back Case Mobile Cover for Gionee X1 3D Printed Hard Back Case Mobile Cover for Gionee X1,Others,,,1,duplicate,70.6
B07TCWTFHM,Amazon Brand - Solimo Designer Multicolor Line Color On Canvas 3D Printed Hard Back Case Mobile Cover for LG Stylus 2,Amazon Brand - Solimo,CELLULAR_PHONE_CASE,3D Printed Hard Back Case Mobile Cover for LG Stylus 2,Others,,,0,none,100.0
B07NFVQCJP_DEFECT,Amazon Brand,Solimo,HEALTH_PERSONAL_CARE,32-fluid ounce bottle of first aid antiseptic,,,"{'height': {'normalized_value': {'unit': 'inches', 'value': 8.04}, 'unit': 'inches', 'value': 8.04}, 'length': {'normalized_value': {'unit': 'inches', 'value': 3.23}, 'unit': 'inches', 'value': 3.23}, 'width': {'normalized_value': {'unit': 'inches', 'value': 3.23}, 'unit': 'inches', 'value': 3.23}}",1,truncated_title,62.3
B07T1ZFCNG,Amazon Brand - Solimo Designer White Gitar On Black 3D Printed Hard Back Case Mobile Cover for Samsung Galaxy E7,Amazon Brand - Solimo,CELLULAR_PHONE_CASE,3D Printed Hard Back Case Mobile Cover for Samsung Galaxy E7,Others,,,0,none,100.0
B07KCMBWLD,"365 Everyday Value, Organic Flour Tortillas Burrito Size, 16 oz",365 by Whole Foods Market,GROCERY,"Brought to you by Whole Foods Market.  The packaging for this product has a fresh new look. During this transition, you may get the original packaging or the new packaging in your order, but the product and quality is staying exactly the same. Enjoy!",,,"{'height': {'normalized_value': {'unit': 'inches', 'value': 9.75}, 'unit': 'inches', 'value': 9.75}, 'length': {'normalized_value': {'unit': 'inches', 'value': 1.2}, 'unit': 'inches', 'value': 1.2}, 'width': {'normalized_value': {'unit': 'inches', 'value': 10}, 'unit': 'inches', 'value': 10}}",0,none,100.0
B0896KVCJY,"AmazonBasics Eastlake Coolers Glass Drinkware Set, 15-Ounce, Set of 6",AmazonBasics,DRINKING_CUP,"Lead-free glass: made of crystal-clear, lead-free glass for stunning clarity; keeps its shine through many washings; beautifully showcases beverages and adds a touch of glamour to any gathering",Clear,,"{'height': {'normalized_value': {'unit': 'inches', 'value': 3.2}, 'unit': 'inches', 'value': 3.2}, 'length': {'normalized_value': {'unit': 'inches', 'value': 5.7}, 'unit': 'inches', 'value': 5.7}, 'width': {'normalized_value': {'unit': 'inches', 'value': 3.2}, 'unit': 'inches', 'value': 3.2}}",0,none,100.0
B07KZRHSLK,"Eono by Amazon - Trousse de Toilette Transparente, Kit de Voyage, Trousse de Voyage étanche Sac Cosmétiques pour Hommes et Femmes, Trousse Toilette Avion, TSA Sac de Transport, Violet, 2 Pcs",Eono,COSMETIC_CASE,APPROUVÉE PAR LA TSA : entièrement conforme aux normes et réglementations de la TSA 3-1-1 applicables à TOUTES les compagnies aériennes. Vous permet de passer facilement et rapidement les contrôles de sécurité effectués dans les aéroports. Gagnez du temps et effectuez vos contrôles aux aéroports plus sereinement.,Mauve 2 Pcs,,"{'height': {'normalized_value': {'unit': 'inches', 'value': 2.49999999745}, 'unit': 'centimeters', 'value': 6.35}, 'length': {'normalized_value': {'unit': 'inches', 'value': 7.2047244021}, 'unit': 'centimeters', 'value': 18.3}, 'width': {'normalized_value': {'unit': 'inches', 'value': 5.511811018}, 'unit': 'centimeters', 'value': 14}}",0,none,100.0
B079C626NQ_DEFECT,"Amazon Brand - Solimo Probiotic 10 Billion CFU with Lactobacillus Rhamnosus, 30 Veggie Capsules, One Month Supply - Amazon Brand - Solimo Probiotic 10 Billion CFU with Lactobacillus Rhamnosus, 30 Veggie Capsules, One Month Supply",SOLIMO,HEALTH_PERSONAL_CARE,"This food product is manufactured to United States standards and may differ from similar products sold locally in its ingredients, labeling and allergen warnings This food product is manufactured to United States standards and may differ from similar products sold locally in its ingredients, labeling and allergen warnings",,,"{'height': {'normalized_value': {'unit': 'inches', 'value': 5.5}, 'unit': 'inches', 'value': 5.5}, 'length': {'normalized_value': {'unit': 'inches', 'value': 1.25}, 'unit': 'inches', 'value': 1.25}, 'width': {'normalized_value': {'unit': 'inches', 'value': 3.6875}, 'unit': 'inches', 'value': 3.6875}}",1,duplicate,71.7
B07T7ZYJS7_DEFECT,Amazon Brand,Amazon Brand - Solimo,CELLULAR_PHONE_CASE,3D Printed Hard Back Case Mobile Cover for Samsung Galaxy J7 (2016),Others,,,1,truncated_title,58.2
B0853X5H9V_DEFECT,Amazon Brand - Solimo Designer Photography 3D Printed Hard Back Case Mobile Cover for Honor 10 Lite,,CELLULAR_PHONE_CASE,"Snug fit for Honor 10 Lite, with perfect cut-outs for volume buttons, audio and charging ports",,,,1,missing_attribute,63.6
B08935ZYSB_DEFECT,"AmazonBasics Art Paint Brush Set, 10 Different Sizes for Artists, Adults & Kids, 6 Sets",AmazonBasics,KITCHEN,"AmazonBasics Art Paint Brush Set, 10 Different Sizes for Artists, Adults & Kids, 6 Sets",Blue,,"{'height': {'normalized_value': {'unit': 'inches', 'value': 1.86}, 'unit': 'inches', 'value': 1.86}, 'length': {'normalized_value': {'unit': 'inches', 'value': 8.66}, 'unit': 'inches', 'value': 8.66}, 'width': {'normalized_value': {'unit': 'inches', 'value': 2.95}, 'unit': 'inches', 'value': 2.95}}",1,category_mismatch,49.3
B0853WL5F1,Amazon Brand - Solimo Designer Autumn Girl 3D Printed Hard Back Case Mobile Cover for Vivo Z1 Pro,Amazon Brand - Solimo,CELLULAR_PHONE_CASE,"Snug fit for Vivo Z1 Pro, with perfect cut-outs for volume buttons, audio and charging ports",Multicolor,Plastic,,0,none,100.0
B0856B8ZQ7_DEFECT,Amazon Brand,Amazon Brand - Solimo,CELLULAR_PHONE_CASE,"Snug fit for Oppo A71, with perfect cut-outs for volume buttons, audio and charging ports",Multicolor,Silicon,,1,truncated_title,63.8
B07T2M5VLZ,Amazon Brand - Solimo Designer Randam Color Mixing 3D Printed Hard Back Case Mobile Cover for Micromax Canvas Nitro 2 E311,Amazon Brand - Solimo,CELLULAR_PHONE_CASE,3D Printed Hard Back Case Mobile Cover for Micromax Canvas Nitro 2 E311,Others,Canvas,,0,none,100.0
B075LT7F8X,"Trendy Wiggle Choker Necklace, 12""",Amazon Collection,NECKLACE,high polished,Black,Not applicableNot applicableNot applicableNot applicable,,0,none,100.0
B07TG4BJ3Y_DEFECT,Amazon Brand - Solimo Designer SunSide View 3D Printed Hard Back Case Mobile Cover for Asus Zenfone 3S Max,,CELLULAR_PHONE_CASE,3D Printed Hard Back Case Mobile Cover for Asus Zenfone 3S Max,,,,1,missing_attribute,62.2
B07WVQSZLC_DEFECT,Flavia Women's,,HANDBAG,फॉक्स लेदर मटीरियल काले रंग का हैंडबैग,काला,नकली लेदर,,1,truncated_title,47.6
B07QLKSQPV_DEFECT,"Eono by Amazon – tvättnät tvättväska BH tvättpåse tvättpåse tvättpåse hållbar maskintvätt för känslig, blus, skor, BH, underkläder, babykläder, Wash Bag, 7 set",,STORAGE_BAG,"Högvärde: Med hållbara sömmar, robusta material och blixtlås av hög kvalitet, denna sats tvättväska/tvättväska/tvättpåse/tvättpåse idealisk för känsliga blusar, strumpbyxor, underkläder, babykläder och skor.",,,,1,missing_attribute,63.9
B07TG4XXSX_DEFECT,Amazon Brand - Solimo Designer Berries 3D Printed Hard Back Case Mobile Cover for Gionee Elife S7,,BEAUTY,3D Printed Hard Back Case Mobile Cover for Gionee Elife S7,Others,,,1,category_mismatch,35.0
B00R45980W,"AmazonBasics 100% Cotton Duvet Set, Bold Checks, 260 x 240 cm & 2 pillowcases of 65 X 65 cm",AmazonBasics,HOME_BED_AND_BATH,,Gray Bold Checks,100% Cotton,"{'height': {'normalized_value': {'unit': 'inches', 'value': 13.99999998572}, 'unit': 'centimeters', 'value': 35.56}, 'length': {'normalized_value': {'unit': 'inches', 'value': 1.59842519522}, 'unit': 'centimeters', 'value': 4.06}, 'width': {'normalized_value': {'unit': 'inches', 'value': 10.59842518604}, 'unit': 'centimeters', 'value': 26.92}}",0,none,100.0
B07HHRP44R,AmazonBasics Conscious Series Cool-Touch Rayon Bamboo Mattress Topper,AmazonBasics,HOME_BED_AND_BATH,,,,,0,none,100.0
B07TH383JF_DEFECT,Amazon Brand - Solimo Designer Gold Yellow and Sky Blue Paint 3D Printed Hard Back Case Mobile Cover for Asus Zenfone 3S Max,Amazon Brand - Solimo,HOME_FURNITURE,3D Printed Hard Back Case Mobile Cover for Asus Zenfone 3S Max,Others,,,1,category_mismatch,44.5
B0853XL2CP,Amazon Brand - Solimo Designer Queen On Red Glitter UV Printed Soft Back Case Mobile Cover for Lava A97,Amazon Brand - Solimo,CELLULAR_PHONE_CASE,"Snug fit for Lava A97, with perfect cut-outs for volume buttons, audio and charging ports",Multicolor,Silicon,,0,none,100.0
B0821D8RH4,Amazon Brand - Solimo Designer Kissing Couple UV Printed Soft Back Case Mobile Cover for Vivo U20,Amazon Brand - Solimo,CELLULAR_PHONE_CASE,"Snug fit for Mobile, with perfect cut-outs for volume buttons, audio and charging ports",multi-colored,Silicon,,0,none,100.0
B07P66V4FZ_DEFECT,AmazonBasics AB-BR844-PC,AmazonBasics,TOWEL_HOLDER,Polished Chrome Finish; made from durable zinc alloy,Polished Chrome,Polycarbonate,"{'height': {'normalized_value': {'unit': 'inches', 'value': 3.01}, 'unit': 'inches', 'value': 3.01}, 'length': {'normalized_value': {'unit': 'inches', 'value': 25.91}, 'unit': 'inches', 'value': 25.91}, 'width': {'normalized_value': {'unit': 'inches', 'value': 9.81}, 'unit': 'inches', 'value': 9.81}}",1,truncated_title,65.1
B07T36R7P2_DEFECT,Amazon Brand - Solimo Designer Round Candy 3D Printed Hard Back Case Mobile Cover for Samsung Galaxy E5,,CELLULAR_PHONE_CASE,3D Printed Hard Back Case Mobile Cover for Samsung Galaxy E5,,,,1,missing_attribute,64.8
B01KTVT57I,"AmazonBasics Extra Comfort 7-Zone Mattress with Memory Foam Layer, Medium (H3) - King",AmazonBasics,FURNITURE,,White,Memory Foam,"{'height': {'normalized_value': {'unit': 'inches', 'value': 7.87}, 'unit': 'inches', 'value': 7.87}, 'length': {'normalized_value': {'unit': 'inches', 'value': 59.06}, 'unit': 'inches', 'value': 59.06}, 'width': {'normalized_value': {'unit': 'inches', 'value': 78.74}, 'unit': 'inches', 'value': 78.74}}",0,none,100.0
B08413HX48,"Fresh Brand – Cinnamon Raisin Pre-Sliced Bagels, 21 oz (6 ct)",Fresh,BREAD,21-ounce bag of 6 cinnamon raisin bagels,,,"{'height': {'normalized_value': {'unit': 'inches', 'value': 9.75}, 'unit': 'inches', 'value': 9.75}, 'length': {'normalized_value': {'unit': 'inches', 'value': 15}, 'unit': 'inches', 'value': 15}, 'width': {'normalized_value': {'unit': 'inches', 'value': 4.5}, 'unit': 'inches', 'value': 4.5}}",0,none,100.0
B07T24T2KF_DEFECT,Amazon Brand,Amazon Brand - Solimo,CELLULAR_PHONE_CASE,3D Printed Hard Back Case Mobile Cover for Samsung Galaxy Grand 2 G7102 / G7105,Others,,,1,truncated_title,63.6
B07TB545HT_DEFECT,Amazon Brand - Solimo Designer Foil Paper Texture 3D Printed Hard Back Case Mobile Cover for Microsoft Lumia 650,Amazon Brand - Solimo,KITCHEN,3D Printed Hard Back Case Mobile Cover for Microsoft Lumia 650,Others,,,1,category_mismatch,45.8
B084SFD31D_DEFECT,Shredded Kale - Shredded Kale,,GROCERY, ,,,,1,duplicate,46.8
B01N0ZJ5HU_DEFECT,"find. Amazon Brand Men's Boat Shoes,Brown (Cognac),US 11",find.,MECHANICAL_COMPONENTS,An Amazon Brand,Brown (Cognac),,,1,category_mismatch,45.7
B07BWK7JWZ_DEFECT,亚马逊品牌 –,Rivet,SOFA,تجعل هذه المجموعة تبدو حادة في المناطق العصرية أو الصناعية. وسائد الظهر والمقعد يمكن عكسها، ويمكن تركيب القطع بطرق عديدة لاستيعاب العائلة والأصدقاء.,棕色（Saddle）,皮革,"{'height': {'normalized_value': {'unit': 'inches', 'value': 28}, 'unit': 'inches', 'value': 28}, 'length': {'normalized_value': {'unit': 'inches', 'value': 88}, 'unit': 'inches', 'value': 88}, 'width': {'normalized_value': {'unit': 'inches', 'value': 36}, 'unit': 'inches', 'value': 36}}",1,truncated_title,63.7
B07R8GDB7B_DEFECT,"CARE OF by PUMA Men’s Leather Low-Top Trainers, Beige, US 11.5",,SHOES,CARE OF by PUMA is an exclusive Amazon brand designed for comfort in collaboration with world-famous sports and athleisure brand PUMA,,,,1,missing_attribute,51.1
B07Z58S7LR,"Marca Amazon - Find. Sandalias abiertas para mujer., color Azul, talla 40 EU",find.,SANDAL,,Dorado Gold,,,0,none,100.0
B08547MTBZ_DEFECT,Amazon Brand - Solimo Designer Sperking Stars UV Printed Soft Back Case Mobile Cover for Samsung Galaxy M30 - Amazon Brand - Solimo Designer Sperking Stars UV Printed Soft Back Case Mobile Cover for Samsung Galaxy M30,Amazon Brand - Solimo,CELLULAR_PHONE_CASE,"Snug fit for Samsung Galaxy M30, with perfect cut-outs for volume buttons, audio and charging ports Snug fit for Samsung Galaxy M30, with perfect cut-outs for volume buttons, audio and charging ports",Multicolor,Silicon,,1,duplicate,73.4
B07ZKZR7G1,"AmazonBasics Tiedown Set with Integrated Soft Loops, 3,328lb Break Strength, Black & Yellow, 2-Pack",AmazonBasics,CARGO_STRAP,,Black+Yellow,,"{'height': {'normalized_value': {'unit': 'inches', 'value': 0.89}, 'unit': 'inches', 'value': 0.89}, 'length': {'normalized_value': {'unit': 'inches', 'value': 120}, 'unit': 'inches', 'value': 120}, 'width': {'normalized_value': {'unit': 'inches', 'value': 1.5}, 'unit': 'inches', 'value': 1.5}}",0,none,100.0
B082PLPNC3,"Amazon Essentials Harper Rain Boot, Pink, 8 Toddler",Amazon Essentials,BOOT,Closed Toe Rubber shoe easy to slide on and off. Water Resistant,Pink,,,0,none,100.0
B07T7ZZ777,Amazon Brand - Solimo Designer Sippy 3D Printed Hard Back Case Mobile Cover for Micromax Canvas Nitro 4G E455,Amazon Brand - Solimo,CELLULAR_PHONE_CASE,3D Printed Hard Back Case Mobile Cover for Micromax Canvas Nitro 4G E455,Others,,,0,none,100.0
B0812BFGW7,"find. AMZ038_Suede Náuticos, Verde, 47 EU",find.,SHOES,,Verde,,,0,none,100.0
B082DG8T3R,Nubeno Men's Black Formal Shoes-9 UK (43 EU) (2371),Nubeno,SHOES,Outer Material: Synthetic Leather,BLACK,,,0,none,100.0
B07TC5XF4K,Amazon Brand - Solimo Designer Star Impression On Wood 3D Printed Hard Back Case Mobile Cover for Meizu M3 Note,Amazon Brand - Solimo,CELLULAR_PHONE_CASE,3D Printed Hard Back Case Mobile Cover for Meizu M3 Note,Others,,,0,none,100.0
B08HMGXGH3_DEFECT,Bourge Men's Pearl-5 Grey and Red Running Shoes-12 UK (46 EU) (13 US) (Vega Pearl-5-12),Bourge,ELECTRONICS,Outer Material: Mesh,Grey and Red,,"{'height': {'normalized_value': {'unit': 'inches', 'value': 4.52755}, 'unit': 'millimeters', 'value': 115}, 'length': {'normalized_value': {'unit': 'inches', 'value': 12.5984}, 'unit': 'millimeters', 'value': 320}, 'width': {'normalized_value': {'unit': 'inches', 'value': 7.0866}, 'unit': 'millimeters', 'value': 180}}",1,category_mismatch,44.7
B0854LBLS5_DEFECT,Amazon Brand,,CELLULAR_PHONE_CASE,"Snug fit for Samsung Galaxy A70s, with perfect cut-outs for volume buttons, audio and charging ports",Multicolor,Silicone,,1,truncated_title,38.3
B0853X9ZY6,Amazon Brand - Solimo Designer Plant Art Design 3D Printed Hard Back Case Mobile Cover for Samsung Galaxy J3 Pro,Amazon Brand - Solimo,CELLULAR_PHONE_CASE,"Snug fit for Mobile, with perfect cut-outs for volume buttons, audio and charging ports",multi-colored,Plastic,,0,none,100.0
B07TF1F1Y2_DEFECT,Amazon Brand - Solimo Designer Ladies Accessories Pattern 3D Printed Hard Back Case Mobile Cover for Asus Zenfone 3S Max - Amazon Brand - Solimo Designer Ladies Accessories Pattern 3D Printed Hard Back Case Mobile Cover for Asus Zenfone 3S Max,Amazon Brand - Solimo,CELLULAR_PHONE_CASE,3D Printed Hard Back Case Mobile Cover for Asus Zenfone 3S Max 3D Printed Hard Back Case Mobile Cover for Asus Zenfone 3S Max,Others,,,1,duplicate,72.9
B07TC5BSC7,Amazon Brand - Solimo Designer Paint 3D Printed Hard Back Case Mobile Cover for Samsung Galaxy Core Prime,Amazon Brand - Solimo,CELLULAR_PHONE_CASE,3D Printed Hard Back Case Mobile Cover for Samsung Galaxy Core Prime,Others,,,0,none,100.0
